1.43,2.67,,In every generation
1.43,2.67,,there is a chosen one.
2.74,5.67,,she alone will stand
2.74,5.67,,"against the vampires,"
5.74,8.17,,the demons.
5.74,8.17,,and the forces of darkness.
8.24,9.91,,she is the slayer.
11.91,14.81,Cordelia,"i just love springtime,"
14.88,16.78,Cordelia,"me in bright, spring fashions."
16.78,17.8,Mitch,spring training.
17.87,20.29,Cordelia,me at the endofschool dance.
20.29,21.84,Harmony,the end of school.
21.9,25.16,Cordelia,definitely my favorite
21.9,25.16,Cordelia,time of year.
25.22,28.24,Cordelia,"i am, of course, having"
25.22,28.24,Cordelia,my dress specially made.
28.31,30.28,Cordelia,offtherack
28.31,30.28,Cordelia,gives me hives.
30.35,33.28,Mitch,let me guess.
30.35,33.28,Mitch,blue like your eyes.
33.35,35.78,Cordelia,"my eyes are hazel,"
33.35,35.78,Cordelia,helen keller.
35.85,37.78,Harmony,you two will look
35.85,37.78,Harmony,so fine together
37.85,39.79,Harmony,in the may queen
37.85,39.79,Harmony,photo.
39.85,42.46,Cordelia,"well, i haven't"
39.85,42.46,Cordelia,been elected may queen yet.
42.52,43.77,Cordelia,ooh! oh! oh!
46.41,48.95,Cordelia,behold the weirdness.
49.01,52.05,Buffy,you're probably wondering what
49.01,52.05,Buffy,"i'm doing with this stuff, huh?"
52.12,53.33,Cordelia,wow! i'm not.
53.33,55.39,Buffy,"uh, for history class."
55.45,59.31,Buffy,"mr. giles has this, like,"
55.45,59.31,Buffy,"hobby of collecting stuff,"
59.37,62.24,Buffy,which he lent me
59.37,62.24,Buffy,for showandtell.
62.31,64.01,Harmony,did i mention
64.01,67.02,Buffy,it's for history class?
65.08,67.51,Harmony,she is always hanging with
65.08,67.51,Harmony,that creepy librarian...
67.58,69.78,Harmony,in that creepy
67.58,69.78,Harmony,library.
69.85,73.47,Cordelia,"hey, did i ever tell you about the"
69.85,73.47,Cordelia,time she attacked me at the bronze?
73.54,77.04,Cordelia,i don't know why this school
73.54,77.04,Cordelia,admits mentals like her.
78.81,81.78,Ms. Miller,"if you prick us,"
78.81,81.78,Ms. Miller,do we not bleed?
81.85,85.58,Ms. Miller,"if you tickle us,"
81.85,85.58,Ms. Miller,do we not laugh?
85.65,89.3,Ms. Miller,"if you poison us,"
85.65,89.3,Ms. Miller,do we not die?
89.37,93.96,Ms. Miller,"and if you wrong us,"
89.37,93.96,Ms. Miller,"shall we not revenge?"""
95.39,98.7,Ms. Miller,okay.
95.39,98.7,Ms. Miller,"so talk to me, people."
98.76,101.27,Ms. Miller,how does what shylock
98.76,101.27,Ms. Miller,says here about being a jew...
101.33,105.17,Ms. Miller,relate to our discussion about the
101.33,105.17,Ms. Miller,anger of the outcast in society?
105.24,109.36,Cordelia,"cordelia. well, how about ""color"
105.24,109.36,Cordelia,"me totally selfinvolved""?"
109.42,111.83,Ms. Miller,care to elaborate?
109.42,111.83,Ms. Miller,yeah.
111.89,114.19,Cordelia,"with shylock, it's"
111.89,114.19,Cordelia,"whine, whine, whine,"
114.26,116.3,Cordelia,like the whole world
114.26,116.3,Cordelia,is about him.
116.36,118.4,Cordelia,"he acts like it's justice, him"
118.4,120.79,Ms. Miller,getting a pound of antonio's flesh.
120.85,123.2,Ms. Miller,it's not justice.
120.85,123.2,Ms. Miller,it's yicky.
123.27,127.74,Ms. Miller,but has shylock suffered? what's
123.27,127.74,Ms. Miller,his place in venice society?
127.81,129.56,Willow,"well, everyone looked down on him."
129.56,131.16,Cordelia,that is such a twinkie defense.
131.23,133,Cordelia,shylock should
131.23,133,Cordelia,get over himself.
133.07,136.72,Cordelia,people who think their
133.07,136.72,Cordelia,"problems are so huge craze me,"
136.79,139.69,Cordelia,like this time i sort of ran
136.79,139.69,Cordelia,over this girl on her bike.
139.75,140.49,Cordelia,it was the most
140.49,142.12,Ms. Miller,"traumatizing time my life,"
142.19,144.26,Ms. Miller,and she was trying to
142.19,144.26,Ms. Miller,"make it about her leg,"
144.33,146.53,Ms. Miller,like my pain meant nothing.
146.59,150.76,Ms. Miller,"well, cordelia's raised an interesting"
146.59,150.76,Ms. Miller,point here...
150.83,153.37,Ms. Miller,which we'll pursue
150.83,153.37,Ms. Miller,at a later time.
155.84,158.77,Cordelia,um...
155.84,158.77,Cordelia,ms. miller?
158.84,160.91,Ms. Miller,good observations
158.84,160.91,Ms. Miller,"today, cordelia."
160.98,163.24,Ms. Miller,it's always exciting to know
160.98,163.24,Ms. Miller,someone's actually done the reading.
163.31,167.28,Cordelia,"thanks. um, i want to talk"
163.31,167.28,Cordelia,to you about my final paper.
167.35,169.78,Cordelia,i'm real unfocused.
167.35,169.78,Cordelia,"i have all these thoughts,"
169.85,172.62,Cordelia,and i'm pretty sure they
169.85,172.62,Cordelia,all contradict each other.
172.69,176.29,Ms. Miller,"well, i have your outline here, but why"
172.69,176.29,Ms. Miller,don't you stop by tomorrow after school?
176.36,178.4,Ms. Miller,we'll go over it then. that'd be great.
178.4,179.08,Cordelia,thanks a lot.
179.14,182.57,Ms. Miller,you're welcome. i'll see you then.
182.57,183.58,Cordelia,"okay, bye."
183.65,188.45,Cordelia,"harmony, the dress is ready. it's so great!"
183.65,188.45,Cordelia,mitch is gonna die!
192.02,196.07,Cordelia,advertise your product or brand here
192.02,196.07,Cordelia,contact www.opensubtitles.org today
213.69,216,Bud,"hey, mitch,"
213.69,216,Bud,you going to the bronze?
216.06,218.22,Mitch,later. i'm picking
216.06,218.22,Mitch,out my tux first.
218.28,219.91,Mitch,got to look sharp for the big dig.
219.91,220.73,Bud,"oh, that's right."
220.8,222.77,Bud,you got to look good
220.8,222.77,Bud,to be on cordelia's arm.
222.84,226.34,Mitch,"oh, it's not her arm"
222.84,226.34,Mitch,i'm looking to be on.
240.27,242.44,Mitch,who's there?
250.57,253.23,Mitch,"okay, fun time's over."
250.57,253.23,Mitch,come out.
321.4,324.2,Cordelia,"now, remember who to"
321.4,324.2,Cordelia,"vote for for may queen,"
324.27,327.1,boy,as in me.  thanks.
327.17,329.71,Cordelia,hi! isn't this
327.17,329.71,Cordelia,the bomb?
329.77,332.44,Cordelia,i'm such the campaign
329.77,332.44,Cordelia,strategist.
332.51,333.01,Cordelia,"c."""
333.01,335.18,Harmony,for cordelia?
335.25,337.28,Cordelia,"no, ""c"" for wilma,"
335.25,337.28,Cordelia,little brain.
337.35,339.7,Harmony,"of course ""c"" for cordelia. this way, people"
339.7,341.79,Cordelia,will associate me with something sweet.
343.99,348.79,Cordelia,"here's a chocolate... oh, i don't"
343.99,348.79,Cordelia,think i need the loony fringe vote.
351.26,353.3,Buffy,well... i don't even
351.26,353.3,Buffy,like chocolates.
353.36,358.1,Buffy,"okay, that was the lamest"
353.36,358.1,Buffy,comeback of our times.
358.17,359.7,Xander,so what's cordelia up to?
359.77,362.77,Buffy,bribery. she's desperate to be may queen.
362.77,364.31,Xander,she does love titles.
364.38,367.98,Willow,"oh, god! remember in sixth"
364.38,367.98,Willow,grade with the field trip?
368.05,371.91,Xander,right! right! the guy with
368.05,371.91,Xander,the antlers on his belt.
371.98,374.09,Willow,"be my deputy."" and"
374.09,376.19,Xander,"remember, the hat?"
376.29,381.14,Buffy,"gee, it's fun that we're speaking in tongues."
381.21,382.41,Willow,i'm sorry.
382.78,385.11,Xander,"it was just, we had this,"
382.78,385.11,Xander,uh... you had to be there.
385.23,386.56,Willow,it's not even funny.
386.56,387.03,Xander,really.
387.1,390.62,Willow,cordelia just has a history
387.1,390.62,Willow,of trying too hard.
390.69,394.07,Xander,yeah. what kind of moron would
390.69,394.07,Xander,want to be may queen anyway?
394.14,395.35,Buffy,i was.
395.35,397.16,Xander,you what?
397.16,399.61,Buffy,at my old school.
399.64,403.11,Xander,so the good kind of moron would
399.64,403.11,Xander,"do that,"
403.18,405.12,Xander,"the, uh, nonmoron, i mean."
405.18,408.28,Buffy,"well, we didn't"
405.18,408.28,Buffy,"call it may queen,"
408.35,411.99,Xander,but we had the coronation and
408.35,411.99,Xander,the dance and all that stuff.
412.06,413.22,Buffy,it was nice.
413.22,417.39,Xander,you don't need that anymore. you've got us.
417.46,420.73,Willow,"be my deputy."""
422.77,426.32,Bud,guys! come on! mitch got
422.77,426.32,Bud,wailed on. i think he's...
426.39,427.12,Willow,he's dead?
427.12,428.15,Snyder,of course not.
428.22,430.16,Snyder,"dead. what are you,"
428.22,430.16,Snyder,ghouls?
430.22,432.86,Snyder,there are no dead
430.22,432.86,Snyder,students here...
432.93,434.33,Snyder,this week.
434.4,436.26,Snyder,clear back. make
434.4,436.26,Snyder,"room, all of you!"
436.33,437.82,Buffy,"mitch, what happened?"
437.82,439.17,Mitch,i don't know.
439.5,441.32,Mitch,ii heard something.
441.49,444.87,Mitch,i tried to
441.49,444.87,Mitch,grab aa bat...
444.94,446.87,Buffy,that hit me.
446.97,448.2,Buffy,what hit you?
448.2,449.99,Mitch,"the bat, by itself."
450.06,452.85,Mitch,"the thing was floating,"
450.06,452.85,Mitch,and it knocked me out.
452.91,456.47,Buffy,i better
452.91,456.47,Buffy,check out the scene.
456.53,459.3,Snyder,where do you think
456.53,459.3,Snyder,you're going?
459.37,463.91,Buffy,"um, mitch wanted me to get"
459.37,463.91,Buffy,his comb. hehe likes his comb.
463.97,466.91,Snyder,i don't think mitch
463.97,466.91,Snyder,needs his comb right now.
466.98,468.51,Snyder,i think mitch needs
466.98,468.51,Snyder,"medical attention,"
468.58,472.2,Snyder,and you need to stay away
468.58,472.2,Snyder,from the crime scene.
472.27,474.1,Snyder,always sticking your nose in.
474.1,474.73,Willow,sue?
474.8,478.39,Willow,what did you say? mitch
474.8,478.39,Willow,was gonna sue the school?
478.46,481.79,Snyder,sue?
478.46,481.79,Snyder,who?
483.93,487.01,Xander,"well, his dad is the most"
483.93,487.01,Xander,powerful lawyer in sunnydale.
487.08,489.35,Snyder,hold on. what have
487.08,489.35,Snyder,you two heard?
489.42,491.55,Xander,"his dad, the lawyer,"
489.42,491.55,Xander,you haven't heard of him?
491.62,494.65,Willow,other lawyers
491.62,494.65,Willow,"call him ""the beast."""
535.55,538,Willow,"look""?"
535.55,538,Willow,that's all it said?
538.07,540.18,Xander,look at what? look at mitch?
540.18,540.63,Buffy,maybe.
540.7,542.64,Buffy,all i know is
540.7,542.64,Buffy,it's a message.
542.7,545.17,Giles,"and? oh, here you are."
545.24,547.17,Buffy,and monsters don't
545.24,547.17,Buffy,usually send messages.
547.24,549.18,Buffy,"it's pretty much crush,"
547.24,549.18,Buffy,"kill, destroy."
549.24,551.68,Giles,this was different. i'd
549.24,551.68,Giles,have to say you're right.
551.75,554.11,Buffy,i love it when he says that.
551.75,554.11,Buffy,any theories?
554.18,556.6,Giles,it's a bit
554.18,556.6,Giles,"of a puzzle, really."
556.67,559.1,Giles,i've never actually
556.67,559.1,Giles,heard of anyone
559.17,561.04,Xander,attacked by a lone
559.17,561.04,Xander,baseball bat before.
561.11,563.87,Xander,maybe it's a vampire bat.
563.94,565.99,Xander,i'm alone
563.94,565.99,Xander,"with that one, huh?"
566.06,568.99,Giles,"well, assuming the bat"
566.06,568.99,Giles,"itself is not possessed,"
569.06,571.73,Giles,there are a few possibilities
569.06,571.73,Giles,that bear investigating:
571.8,574.03,Giles,someone
571.8,574.03,Giles,with telekinesis...
574.1,576.25,Giles,the power to move
574.1,576.25,Giles,objects at will...
576.32,578.81,Giles,"an invisible creature,"
578.87,581.52,Giles,"and, possibly, a poltergeist."
581.59,583.21,Willow,a ghost?
583.28,585.31,Giles,"yes, and a very angry one."
585.31,586.41,Buffy,"yeah, i'd say."
586.48,588.95,Buffy,the locker room
586.48,588.95,Buffy,was a real scene.
589.02,591.97,Willow,"if it's a ghost, then we're"
589.02,591.97,Willow,talking about a dead kid.
592.04,593.95,Buffy,i guess so.
592.04,593.95,Buffy,"you know,"
594.02,596.36,Buffy,why don't you compile a list
594.02,596.36,Buffy,of dead or missing kids?
596.42,597.72,Buffy,it's probably
596.42,597.72,Buffy,a good place to start.
597.79,600.59,Giles,and i'll research all the
597.79,600.59,Giles,"possibilities, ghosts included."
600.66,604.76,Xander,"xander, if you're not doing anything,"
600.66,604.76,Xander,would you like to help me?
604.83,606.77,Xander,what? so there's
604.83,606.77,Xander,homework now?
606.83,608.84,Xander,when did that happen?
608.9,611.25,Buffy,it's all part of the glamorous
608.9,611.25,Buffy,world of vampireslayage.
611.32,612.92,Xander,what part do you have? i'm gonna
612.92,614.52,Buffy,find out what i can about mitch.
614.59,616.04,Buffy,this attack wasn't random.
616.04,617.33,Xander,"well, i want that part."
617.39,620.7,Buffy,fine. you can do it. ask around.
617.39,620.7,Buffy,talk to his friends.
620.76,624.05,Xander,talk to cordelia.
620.76,624.05,Xander,talk to cordelia?
625.69,627.92,Xander,"so, research, huh?"
627.99,629.2,Harmony,hi.
629.2,632.02,Cordelia,"uh, hi."
630.07,632.75,Harmony,"cordelia, you weren't in fifth period."
632.75,634.38,Cordelia,i went to the hospital.
634.44,637.05,Harmony,"oh, mitch. how is he?"
634.44,637.05,Harmony,will he be okay?
637.11,639.05,Cordelia,"well, the doctor"
637.11,639.05,Cordelia,says he'll be fine.
639.12,641.48,Cordelia,they're gonna
639.12,641.48,Cordelia,"send him home tomorrow,"
641.55,645.39,Cordelia,but you should have seen him
641.55,645.39,Cordelia,"lying there, all black and blue."
645.45,648.82,Cordelia,how's he gonna look
645.45,648.82,Cordelia,in our prom pictures?
648.89,651.83,Cordelia,how am i ever going to be
648.89,651.83,Cordelia,able to show them to anyone?
651.9,654.66,Harmony,"well, they can do wonderful things"
651.9,654.66,Harmony,with airbrushes these days.
654.73,656.85,Cordelia,you think?
656.92,660.87,Cordelia,hi. hi. did you see mitch?
660.94,662.97,Cordelia,he just broke up with
660.94,662.97,Cordelia,"wendy eight seconds ago,"
663.04,664.88,Cordelia,and he's already nosing around.
664.88,665.77,Harmony,it's shameless.
665.84,668.34,Cordelia,in the springif he
665.84,668.34,Cordelia,"makes varsity baseball,"
668.41,670.75,Cordelia,maybe i'll take him on a test drive.
670.81,671.8,Marcie,"hi, guys!"
671.8,673.68,Cordelia,what do you want?
673.75,677.79,Cordelia,i just hope they can prop him up
673.75,677.79,Cordelia,long enough to take the picture.
677.85,680.48,Buffy,"cordelia, can i talk to you?"
680.48,681.42,Cordelia,"oh, great."
681.49,683.17,Harmony,why is she always
683.17,684.16,Cordelia,trying...
688.31,690.27,Cordelia,harmony!
691.53,694.15,Snyder,"oh, for heaven's sakes."
694.22,697.06,Snyder,"clear back, everyone."
694.22,697.06,Snyder,give her some air.
698.52,701.89,Harmony,"you, school nurse, now."
703.1,706.83,Harmony,"oh, my ankle."
703.1,706.83,Harmony,i think it's broken.
706.9,709.25,Buffy,what happened?
706.9,709.25,Buffy,"hey, who's the principal here?"
709.32,710.55,Buffy,what happened?
710.55,711.34,Cordelia,she fell!
711.4,713.61,Cordelia,we were standing
711.4,713.61,Cordelia,"at the top of the stairs,"
713.67,715.91,Cordelia,and she just fell
713.67,715.91,Cordelia,all by herself.
715.98,719.76,Harmony,no! i was pushed!
720.98,721.5,Harmony,ow!
721.5,723.22,Snyder,don't sue.
737.66,739.81,Buffy,is anybody here?
743.02,745.35,Buffy,[ footsteps ]
745.42,748.46,Buffy,"hey, who's here?"
762.41,765.76,Buffy,"okay,"
762.41,765.76,Buffy,i know someone's here.
770.02,770.93,Buffy,"look, i'm not going to hurt you."
770.02,770.93,Buffy,i just want to talk to you.
793.19,795.19,Buffy,"say, guys?"
796.42,799.06,Buffy,"giles, have you"
796.42,799.06,Buffy,ever touched a ghost?
799.12,803.95,Giles,"no, but from what i've heard, having a ghost"
799.12,803.95,Giles,pass through you is a singular experience.
804.01,806.42,Giles,"it's a rather cold,"
804.01,806.42,Giles,amorphous feeling
806.48,808.47,Giles,that makes your hair stand on end.
808.47,810.05,Buffy,"you see, that's my problem."
810.12,812.59,Buffy,"i touched the thing, but"
810.12,812.59,Buffy,it didn't go through me.
812.66,815.09,Buffy,"it bumped into me,"
812.66,815.09,Buffy,and it wasn't cold.
815.16,817.22,Xander,"so we're talking about what, an invisible person?"
817.22,818.31,Buffy,a girl. she laughed.
818.38,822.26,Giles,a girl on campus with the
818.38,822.26,Giles,ability to become invisible.
822.33,824.31,Xander,that is so cool!
824.31,824.93,Willow,cool?
827.02,827.77,Xander,"well, yeah, i would give anything"
827.02,827.77,Xander,to be able to turn invisible.
827.84,828.66,Xander,i wouldn't use my powers
828.66,829.27,Buffy,to beat people up.
829.34,830.66,Giles,i'd use my powers to protect
830.66,831.74,Buffy,the girls' locker room.
831.81,834.56,Buffy,it must be a fairly
831.81,834.56,Buffy,"heady experience,"
834.63,837.05,Buffy,having that ability.
837.11,839.55,Buffy,how'd she get it?
837.11,839.55,Buffy,is she a witch?
839.62,841.58,Buffy,cause we can
839.62,841.58,Buffy,fight a witch.
841.65,844.57,Buffy,greek myth speaks of
841.65,844.57,Buffy,"cloaks of invisibility,"
844.64,846.5,Buffy,but they're usually
844.64,846.5,Buffy,for the gods.
847.72,850.66,Buffy,research boy comes through
847.72,850.66,Buffy,with the knowledge.
850.73,853.16,Buffy,this girl's sort
850.73,853.16,Buffy,of petty for a god.
853.23,856.01,Willow,"she's got a grudge,"
853.23,856.01,Willow,but why harmony?
856.08,859.45,Xander,harmony and mitch:
856.08,859.45,Xander,their common denominator is...
859.52,860.84,Buffy,cordelia.
860.84,862.59,Willow,so what now?
862.66,866.06,Buffy,"first thing tomorrow, why don't you"
862.66,866.06,Buffy,pull up that missing kids list.
866.13,868.44,Willow,got it.
866.13,868.44,Willow,i'll see you then.
868.51,870.06,Willow,see ya.
870.06,870.95,Buffy,bye.
871.11,872.31,Xander,"oh, hey, do you want to come to"
871.11,872.31,Xander,our place tonight for dinner?
872.38,873.93,Xander,mom's making her famous phone
873.93,875.32,Willow,call to the chinese place.
875.38,877.82,Willow,"xander, do you guys"
875.38,877.82,Willow,even have a stove?
877.89,882.52,Giles,"so, i'll look into ways that you"
877.89,882.52,Giles,can decloak an invisible someone.
882.59,884.76,Giles,what about you? i think cordelia's going
884.76,886.76,Buffy,to be working on her may queen dress.
886.83,890.77,Buffy,maybe there'll be some action. i
886.83,890.77,Buffy,guess i'm gonna start the hunt.
890.83,895.67,Giles,how exactly do you propose to
890.83,895.67,Giles,hunt someone you can't see?
895.74,897.79,Giles,you may have to
895.74,897.79,Giles,work on listening to people.
897.86,899.07,Buffy,very funny.
899.07,901.16,Giles,i thought so.
911.54,912.6,Cordelia,should i wear my hair up?
912.67,917.02,Cordelia,do you think
912.67,917.02,Cordelia,i should wear it up?
917.34,919.69,Cordelia,how does
917.34,919.69,Cordelia,"the, um, hem go?"
919.76,922.13,Cordelia,is it... is it
919.76,922.13,Cordelia,long enough or...
929.56,931.57,Cordelia,isn't it beautiful?
931.64,934.14,Cordelia,ohh!
960.37,962.42,Giles,who's there?
975.85,977.79,Giles,ahh...
977.85,980.79,Giles,a vampire
977.85,980.79,Giles,casts no reflection.
980.86,984.76,Angel,don't worry.
980.86,984.76,Angel,i'm not here to eat.
984.83,987.83,Giles,buffy told me you don't
984.83,987.83,Giles,feed from humans anymore.
987.9,989.31,Angel,not for a long while.
989.31,991.72,Giles,"is that why you're here, to see her?"
991.78,995.45,Angel,i can't.
991.78,995.45,Angel,"it's, uh..."
995.52,998.99,Angel,it's too hard for me
995.52,998.99,Angel,to be around her.
999.06,1002.24,Giles,a vampire in love
999.06,1002.24,Giles,with a slayer.
1002.31,1004.75,Giles,it's rather poetic...
1004.81,1008.22,Giles,in a maudlin sort of way.
1008.38,1010.25,Giles,"what can i, uh..."
1010.32,1012.75,Giles,what can i do
1010.32,1012.75,Giles,for you?
1012.82,1016.02,Angel,i know you've been
1012.82,1016.02,Angel,researching the master.
1016.09,1017.26,Giles,yes. the vampire king.
1017.33,1020.76,Giles,i'm trying to learn as much
1017.33,1020.76,Giles,as i can about him
1020.83,1022.75,Giles,for the day that
1020.83,1022.75,Giles,buffy must face him.
1022.82,1025.25,Angel,something's already in
1022.82,1025.25,Angel,"motion, something big,"
1025.32,1027.75,Angel,but i don't know what.
1027.82,1031.12,Angel,you've read all the slayer
1027.82,1031.12,Angel,"lore there is, right?"
1031.19,1035.26,Giles,i've studied all the extant
1031.19,1035.26,Giles,"volumes, of course."
1035.33,1040.77,Giles,but the most salient books of
1035.33,1040.77,Giles,slayer prophecy have been lost:
1040.83,1044.77,Giles,"the tiberius manifesto,"
1040.83,1044.77,Giles,the pergamum codex.
1044.84,1046.17,Angel,the codex?
1046.24,1048.94,Giles,it's reputed to have contained
1046.24,1048.94,Giles,the most complete prophecies
1051.02,1051.94,Giles,about the slayer's role
1051.02,1051.94,Giles,in the end years.
1054.02,1055.18,Giles,"unfortunately, the book was"
1054.02,1055.18,Giles,lost in the 15th century.
1055.25,1059.57,Angel,not lost...
1055.25,1059.57,Angel,misplaced.
1059.64,1063.29,Angel,i can get it.
1064.79,1067.06,Giles,that would be most helpful.
1068.63,1071.46,Giles,"uh, my... my own volumes"
1068.63,1071.46,Giles,"have, uh..."
1071.53,1073.33,Giles,have been rather useless
1071.53,1073.33,Giles,of late.
1073.4,1076.87,Angel,legends of vishnu?
1077.2,1081.89,Giles,there's an invisible girl
1077.2,1081.89,Giles,terrorizing the school.
1081.96,1084.53,Angel,that's not really
1081.96,1084.53,Angel,my area of expertise.
1084.59,1086.26,Giles,"nor mine, i'm afraid."
1086.33,1088.76,Giles,"it's fascinating, though."
1088.83,1094.2,Giles,"by all accounts, it's a"
1088.83,1094.2,Giles,wonderful power to possess.
1094.27,1096.27,Angel,"oh, i don't know."
1097.84,1101.74,Angel,looking in the mirror every day
1097.84,1101.74,Angel,and seeing nothing there...
1103.16,1104.93,Angel,it's an overrated
1103.16,1104.93,Angel,pleasure.
1110.95,1115.62,Cordelia,god! i am never sitting through
1110.95,1115.62,Cordelia,one of those alumni lectures again!
1115.69,1118.89,Cordelia,two hours of
1115.69,1118.89,Cordelia,"my trek through nepal."""
1118.96,1120.89,Cordelia,hello. there
1118.96,1120.89,Cordelia,is nobody caring.
1120.96,1124.76,Marcie,did you guys see his toupee?
1120.96,1124.76,Marcie,it looked like a cabbage.
1124.83,1127.5,Cordelia,and those slides?
1124.83,1127.5,Cordelia,that's a mountain.
1127.57,1128.11,Angel,that's
1128.11,1129.54,Cordelia,"a mountain, too."
1129.6,1131.65,Cordelia,now look
1129.6,1131.65,Cordelia,"at some mountains."""
1131.72,1135.96,Harmony,i swear he had 3 slides and
1131.72,1135.96,Harmony,just used them over and over.
1136.03,1139.66,Marcie,"i know, but did you see his toupee?"
1136.03,1139.66,Marcie,"it was, like, the worst."
1139.73,1141.98,Harmony,"we're talking, okay?"
1142.05,1145.08,Cordelia,oh! and did you guys check
1142.05,1145.08,Cordelia,out that extreme toupee?
1145.15,1149.42,Cordelia,yeah. that's realistic.
1145.15,1149.42,Cordelia,it looked like a cabbage.
1151.49,1153.89,Harmony,that's so funny.
1160.43,1164.2,Snyder,the winner is cordelia chase.
1164.27,1166.77,Snyder,let's bring up
1164.27,1166.77,Snyder,our new may queen.
1168.28,1170.54,Cordelia,thank you for making
1168.28,1170.54,Cordelia,the right choice...
1170.61,1174.11,Cordelia,and for showing me
1170.61,1174.11,Cordelia,how much you all love me.
1175.65,1180.37,Cordelia,being this popular is not just
1175.65,1180.37,Cordelia,"my right, but my responsibility."
1180.44,1183.74,Xander,and i want you to know i
1180.44,1183.74,Xander,take it very seriously.
1183.81,1186.26,Xander,so giles said
1183.81,1186.26,Xander,you'd be here.
1186.33,1187.98,Xander,why are you being here?
1187.98,1189.56,Buffy,"last night was a bust,"
1189.63,1191.13,Buffy,but i still think
1189.63,1191.13,Buffy,cordy's the key here.
1191.2,1193.55,Willow,the missing girls list.
1191.2,1193.55,Willow,they've stayed missing.
1193.62,1196.74,Willow,"i pulled up their classes, activities,"
1196.74,1198.96,Buffy,medical records. good work.
1202.39,1205.6,Willow,has cordelia hired
1202.39,1205.6,Willow,a bodyguard or something?
1207.93,1210.8,Buffy,"hey, you guys, check out this one."
1207.93,1210.8,Buffy,it's the most recent one.
1210.87,1213.24,Buffy,"marcie ross disappeared,"
1210.87,1213.24,Buffy,"like, six months ago."
1213.3,1214.82,Xander,i don't know her.
1214.82,1215.89,Willow,"me, neither."
1215.96,1219.26,Buffy,her only activity was band.
1215.96,1219.26,Buffy,she played the flute.
1219.33,1220.98,Willow,"so? well, last night when i was"
1220.98,1222.41,Buffy,"hunting i heard this flute,"
1222.48,1224.28,Buffy,but i couldn't figure out
1222.48,1224.28,Buffy,where it was coming from.
1224.35,1227.27,Buffy,and it was in the band room that
1224.35,1227.27,Buffy,i lost miss invisible yesterday.
1227.34,1229.67,Buffy,"you know, this all tracks."
1227.34,1229.67,Buffy,i'm going to check it out.
1229.74,1232.67,Xander,see you guys later? okay.
1229.74,1232.67,Xander,we'll see you after geometry.
1232.74,1235.94,Cordelia,"ask, ""hey, what am i"
1232.74,1235.94,Cordelia,"wearing to that spring fling?"""
1342.83,1347.57,Buffy,"marcie ross."""
1342.83,1347.57,Buffy,so it is you.
1384.41,1386.51,Ms. Miller,"cordelia, could you possibly"
1384.41,1386.51,Ms. Miller,be on ti...
1394.25,1397.62,Ms. Miller,who's there?
1410.53,1413.77,Cordelia,ms. miller?
1413.84,1417.04,Cordelia,"oh, my god!"
1413.84,1417.04,Cordelia,ms. miller!
1417.11,1419.54,Cordelia,"oh, my god!"
1417.11,1419.54,Cordelia,are you okay?
1419.61,1422.75,Cordelia,ms. miller... ahh!
1419.61,1422.75,Cordelia,what happened?
1422.81,1425.87,Ms. Miller,attacked... didn't see.
1428.25,1429.95,Ms. Miller,chalk clattering on
1428.25,1429.95,Ms. Miller,"blackboard ] oh, my god."
1436.43,1438.36,Giles,a nest?
1438.43,1440.65,Buffy,looked like she'd
1438.43,1440.65,Buffy,been there for months.
1440.72,1442.68,Buffy,it's where i found this.
1442.75,1444.48,Willow,check it out.
1444.55,1445.99,Willow,"oh, my god."
1446.05,1448.56,Willow,"have a nice summer."""
1448.62,1451.32,Willow,"have a nice summer."""
1451.39,1454.36,Willow,this girl had
1451.39,1454.36,Willow,no friends at all.
1454.43,1459.3,Giles,"uh, once again, i teeter at the"
1454.43,1459.3,Giles,precipice of the generation gap.
1459.37,1462.67,Buffy,"have a nice summer"" is what you"
1459.37,1462.67,Buffy,write when you have nothing to say.
1462.74,1464.25,Xander,it's the kiss of death.
1464.32,1466.72,Buffy,you guys didn't
1464.32,1466.72,Buffy,know marcie ross?
1466.79,1469.34,Xander,never met her. why?
1469.41,1471.94,Buffy,cause you both
1469.41,1471.94,Buffy,"wrote it, too."
1473.45,1475.97,Xander,"have a nice... "" yeesh."
1475.97,1477.18,Willow,where am i?
1478.49,1480.85,Willow,oh.
1478.49,1480.85,Willow,"have great summer."""
1480.92,1482.22,Buffy,see? i cared.
1482.29,1483.69,Buffy,but you don't
1482.29,1483.69,Buffy,remember her?
1483.76,1486.93,Xander,no. i probably didn't see
1483.76,1486.93,Xander,"her, except to sign the book."
1486.99,1488.93,Xander,"i mean, this is"
1486.99,1488.93,Xander,a big school.
1489,1493.1,Willow,"xander, we each had"
1489,1493.1,Willow,four classes with her last year.
1493.17,1495.7,Buffy,"so no one noticed her,"
1493.17,1495.7,Buffy,and now she's invisible.
1495.77,1498.54,Xander,what? she turned invisible
1495.77,1498.54,Xander,because no one noticed her?
1498.61,1500.49,Giles,of course.
1504.24,1507.95,Giles,i've been investigating the
1504.24,1507.95,Giles,"mystical causes of invisibility,"
1508.02,1511.35,Giles,when i should have looked
1508.02,1511.35,Giles,at the quantum mechanical.
1511.42,1512.55,Giles,physics.
1512.62,1515.49,Buffy,i think i speak
1512.62,1515.49,Buffy,for everyone here
1515.56,1516.86,Buffy,"when i say, huh?"
1516.92,1523.15,Giles,it's a rudimentary concept
1516.92,1523.15,Giles,"that reality is shaped,"
1523.21,1527.05,Giles,eveneven created...
1523.21,1527.05,Giles,by our perception.
1527.12,1529.25,Buffy,and with the hellmouth below us
1527.12,1529.25,Buffy,sending out mystical energies...
1529.32,1531.82,Giles,people perceived marcie
1529.32,1531.82,Giles,"as invisible,"
1531.89,1534.56,Giles,andand she became so.
1534.62,1537.58,Ms. Miller,"so, who knows"
1534.62,1537.58,Ms. Miller,the answer to this one?
1537.64,1539.21,Ms. Miller,think about it.
1539.28,1541.09,Ms. Miller,"cordelia. well, just because"
1541.09,1542.65,Cordelia,the story's about him...
1542.72,1545.42,Cordelia,doesn't necessarily mean
1542.72,1545.42,Cordelia,"he's the hero, right?"
1545.49,1548.05,Ms. Miller,"exactly,"
1545.49,1548.05,Ms. Miller,so what do we call him?
1548.12,1550.99,Willow,"willow. well, the protagonist."
1551.06,1551.77,Ms. Miller,xander.
1551.77,1553.89,Xander,why can't he be both?
1553.96,1555.96,Xander,"i mean, he did do some things"
1553.96,1555.96,Xander,that were pretty heroic.
1556.03,1558.45,Ms. Miller,absolutely. who doesn't
1556.03,1558.45,Ms. Miller,agree with that?
1562.04,1563.87,Ms. Miller,okay.
1565.24,1567.11,Ms. Miller,and how about you?
1585.74,1588.98,Buffy,it isn't this great power
1585.74,1588.98,Buffy,that she can control.
1589.05,1591.61,Buffy,it was something
1589.05,1591.61,Buffy,that was done to her...
1591.68,1593.95,Buffy,that we did to her.
1594.02,1595.92,Willow,no wonder
1594.02,1595.92,Willow,she's miffed.
1595.99,1597.45,Xander,what does she want?
1598.92,1601.42,Buffy,just what
1598.92,1601.42,Buffy,we thought.
1601.49,1606.02,Buffy,cordelia.
1601.49,1606.02,Buffy,what?
1604.08,1606.76,Cordelia,i knew you'd be here.
1606.83,1608.38,Cordelia,buffy...
1608.45,1610.38,Cordelia,"i, uh, i know we've had"
1608.45,1610.38,Cordelia,"our differences,"
1610.45,1612.38,Cordelia,with you being
1610.45,1612.38,Cordelia,so weird and all...
1612.45,1615.4,Cordelia,and hanging out
1612.45,1615.4,Cordelia,with these total losers.
1615.47,1616.72,Cordelia,ooh.
1616.79,1617.89,Cordelia,"well, anyway,"
1617.96,1619.29,Cordelia,"despite all of that,"
1619.36,1621.26,Cordelia,i know that you share
1619.36,1621.26,Cordelia,this feeling...
1621.33,1623.78,Cordelia,that we have
1621.33,1623.78,Cordelia,"for each other, deep down."
1623.85,1625.05,Willow,nausea?
1625.11,1626.53,Cordelia,somebody is after me!
1626.6,1629.3,Cordelia,they just tried to kill
1626.6,1629.3,Cordelia,mrs. miller...
1629.37,1631.2,Cordelia,she was helping me
1629.37,1631.2,Cordelia,with my homework...
1631.27,1633.81,Cordelia,and mitch and harmony.
1633.87,1637.21,Cordelia,this is all about me...
1633.87,1637.21,Cordelia,"me, me, me!"
1637.28,1639.33,Xander,wow. for once
1637.28,1639.33,Xander,she's right.
1639.4,1643.43,Buffy,so you've coming
1639.4,1643.43,Buffy,to me for help.
1643.5,1647.15,Cordelia,because... you're always around when
1643.5,1647.15,Cordelia,all this weird stuff is happening.
1647.22,1649.42,Cordelia,and i know
1647.22,1649.42,Cordelia,"you're very strong,"
1649.49,1651.84,Cordelia,and you've got
1649.49,1651.84,Cordelia,all those weapons.
1651.91,1655.68,Cordelia,i was kind of hoping
1651.91,1655.68,Cordelia,you were in a gang.
1655.75,1659,Cordelia,please. i don't have
1655.75,1659,Cordelia,anyone else to turn to.
1663.87,1666.07,Giles,please...
1666.14,1667.26,Giles,sit down.
1667.26,1668.87,Cordelia,"okay, thanks."
1672.65,1674.15,Giles,"you know, i..."
1674.21,1677.18,Giles,i don't recall ever
1674.21,1677.18,Giles,seeing you here before.
1677.25,1679.17,Cordelia,"oh, no. i have a life."
1679.24,1681.57,Buffy,okay.
1681.64,1685.84,Buffy,"cordelia, your attacker"
1681.64,1685.84,Buffy,is an invisible girl.
1685.91,1687.86,Xander,"who is really,"
1685.91,1687.86,Xander,"really angry at you,"
1687.93,1689.93,Xander,which i can't
1687.93,1689.93,Xander,"imagine personally,"
1690,1692.88,Xander,but it takes
1690,1692.88,Xander,"all kinds, you know?"
1692.95,1696.2,Cordelia,"well, i don't care what it is."
1692.95,1696.2,Cordelia,just get rid of it.
1696.27,1697.62,Buffy,"well, it's not"
1696.27,1697.62,Buffy,that simple.
1697.69,1701.69,Buffy,it's a person. it's...
1697.69,1701.69,Buffy,it's this person.
1701.76,1704.46,Buffy,"now, do you have any"
1701.76,1704.46,Buffy,idea why she'd be so...
1704.53,1707.16,Cordelia,"oh, god, is she really"
1704.53,1707.16,Cordelia,wearing laura ashley?
1707.23,1709.01,Xander,so homicidal?
1709.08,1710.42,Cordelia,i have no idea.
1710.48,1712.79,Cordelia,i've never seen this girl
1710.48,1712.79,Cordelia,before in my life.
1714.22,1716.49,Marcie,you didn't see me coming.
1716.56,1719.19,Marcie,"cordelia, you don't remember me."
1716.56,1719.19,Marcie,i remember you.
1719.26,1723.31,,all your slut friends... i hate them! they
1719.26,1723.31,,take your life and they suck it out of you.
1723.38,1725.76,,that bastard...
1725.83,1728.4,Cordelia,they gotta learn.
1725.83,1728.4,Cordelia,they gotta learn.
1728.47,1731.3,Giles,according to what you told us
1728.47,1731.3,Giles,"about the attack on ms. miller,"
1731.37,1734.07,Giles,we now have
1731.37,1734.07,Giles,two messages from marcie.
1734.14,1736.38,Giles,look and listen.
1736.44,1739.28,Willow,messages we don't
1736.44,1739.28,Willow,understand.
1739.35,1742.18,Buffy,i don't think we're
1739.35,1742.18,Buffy,supposed to... yet.
1742.25,1743.58,Buffy,"marcie's not quite ready,"
1743.65,1745.72,Buffy,but from what she did
1743.65,1745.72,Buffy,"to cordelia's picture,"
1745.79,1747.74,Buffy,i would say that she's wigged
1745.79,1747.74,Buffy,on the whole may queen thing.
1747.8,1749.72,Buffy,maybe she's gonna do
1747.8,1749.72,Buffy,something about it.
1749.79,1753.07,Willow,stop the coronation
1749.79,1753.07,Willow,"tonight, maybe."
1753.14,1753.75,Willow,keep you guys
1753.75,1754.74,Cordelia,away from the bronze.
1754.81,1757.7,Cordelia,nothing is keeping me
1754.81,1757.7,Cordelia,from the bronze tonight.
1757.76,1760.73,Xander,can we just revel in your
1757.76,1760.73,Xander,fabulous lack of priorities?
1760.8,1762.2,Cordelia,"if i'm not crowned tonight,"
1762.44,1765.62,Cordelia,"then... then marcie's won,"
1762.44,1765.62,Cordelia,and that would be bad!
1765.69,1767.44,Cordelia,"she's evil, okay?"
1767.51,1769.09,Cordelia,way eviler than me.
1769.16,1771.41,Buffy,cordelia has a point.
1771.48,1773.08,Cordelia,buffy's with me on this.
1773.15,1776.92,Buffy,"anyway, continuing the"
1773.15,1776.92,Buffy,normal may queen activities
1776.98,1778.55,Buffy,may be the best way
1776.98,1778.55,Buffy,to draw marcie out.
1778.62,1780.26,Buffy,we can use cordelia
1780.26,1780.95,Cordelia,as bait.
1781.02,1783.14,Cordelia,great! bait?
1783.21,1787.38,Giles,"willow, xander, you'll help"
1783.21,1787.38,Giles,me begin our research anew.
1787.44,1790.06,Giles,unless we find a way to
1787.44,1790.06,Giles,"cure marcie's invisibility,"
1790.13,1791.78,Giles,then buffy will be...
1791.78,1792.96,Buffy,a sitting duck.
1793.03,1793.8,Buffy,come on.
1793.8,1796.87,Cordelia,"well, i have to try on my dress."
1796.94,1799.1,Cordelia,and am i
1796.94,1799.1,Cordelia,really bait?
1801.34,1803.71,Cordelia,"so, how much"
1801.34,1803.71,Cordelia,the creepy is it...
1803.78,1805.58,Cordelia,that this marcie's
1803.78,1805.58,Cordelia,been at this for months?
1805.64,1807.55,Cordelia,spying on us.
1807.61,1810.95,Cordelia,learning our most
1807.61,1810.95,Cordelia,guarded secrets.
1811.02,1812.72,Cordelia,so are you saying
1811.02,1812.72,Cordelia,she's invisible...
1812.79,1814.62,Cordelia,because she's
1812.79,1814.62,Cordelia,so unpopular?
1814.69,1816.45,Buffy,that about sums it up.
1816.52,1818.16,Cordelia,bummer for her.
1819.66,1821.39,Cordelia,it's awful
1819.66,1821.39,Cordelia,to feel that lonely.
1821.46,1823.8,Buffy,so you've read something
1821.46,1823.8,Buffy,about the feeling?
1823.86,1825.56,Cordelia,"hey, you think"
1823.86,1825.56,Cordelia,i'm never lonely
1825.63,1828.03,Cordelia,because i'm so cute
1825.63,1828.03,Cordelia,and popular?
1828.1,1832.04,Cordelia,i can be surrounded by people
1828.1,1832.04,Cordelia,and be completely alone.
1832.11,1834.94,Buffy,it's not like any of
1832.11,1834.94,Buffy,them really know me.
1837.02,1839.78,Buffy,i don't even know if they
1837.02,1839.78,Buffy,like me half the time.
1839.85,1843.15,Buffy,people just want to be
1839.85,1843.15,Buffy,in the popular zone.
1843.22,1845.8,Buffy,"sometimes when i talk,"
1845.87,1849.6,Buffy,everyone's so busy
1845.87,1849.6,Buffy,"agreeing with me,"
1849.67,1851.22,Buffy,they don't hear
1849.67,1851.22,Buffy,a word i say.
1852.79,1854.29,Buffy,"well, if you feel"
1852.79,1854.29,Buffy,"so alone,"
1854.36,1856.5,Buffy,then why do you work so
1854.36,1856.5,Buffy,hard at being popular?
1856.56,1860.43,Cordelia,"well, it beats being"
1856.56,1860.43,Cordelia,alone all by yourself.
1868.22,1871.09,Willow,shh.
1871.16,1873.69,Willow,listen.
1877.83,1881.02,Giles,come on.
1886.64,1888.38,Giles,"we could talk to her,"
1888.44,1890.6,Giles,perhaps reason with her.
1893.23,1894.8,Giles,or possibly grab her.
1894.87,1896.53,Willow,there are three of us.
1896.6,1897.67,Xander,let's go.
1902.29,1906.23,Cordelia,if you ever tell anyone that
1902.29,1906.23,Cordelia,i changed in a mop closet...
1906.3,1908.9,Buffy,your secret
1906.3,1908.9,Buffy,dies with me.
1908.96,1911.7,Buffy,looks okay
1908.96,1911.7,Buffy,but hurry.
1911.77,1912.87,Cordelia,okay.
1933.27,1934.61,Xander,over here.
1944.38,1945.65,Giles,marcie.
1945.72,1947.69,Giles,we know what
1945.72,1947.69,Giles,happened to you.
1947.75,1950.22,Giles,"please, can we"
1947.75,1950.22,Giles,talk to you?
1950.29,1952.62,Willow,we're sorry
1950.29,1952.62,Willow,we ignored you.
1959.6,1961.73,Xander,can you say...
1961.8,1962.73,Xander,gulp?
1962.8,1964.27,Xander,door slams ]
1970.94,1972.38,Giles,what's that sound?
1974.05,1976.65,Buffy,you know what you
1974.05,1976.65,Buffy,were saying before?
1976.72,1978.25,Buffy,i understand.
1978.32,1981.92,Buffy,somehow it doesn't seem to matter
1978.32,1981.92,Buffy,how popular you are when...
1981.99,1983.66,Cordelia,you were popular?
1983.72,1986.89,Cordelia,in what alternate universe?
1986.96,1988.49,Cordelia,in i.a.
1988.56,1993.2,Buffy,"the point is, i did sort of feel"
1988.56,1993.2,Buffy,like something was missing.
1993.27,1996.93,Cordelia,is that when you became
1993.27,1996.93,Cordelia,weird and got kicked out?
1999.02,1999.47,Buffy,"okay, can we have"
1999.02,1999.47,Buffy,the heartfelt talk...
1999.54,2002.47,Buffy,with a little less
1999.54,2002.47,Buffy,talk from you?
2003.88,2005.24,Buffy,cordelia?
2006.45,2008.25,Buffy,cordelia!
2010.08,2011.25,Buffy,cordelia!
2016.96,2018.46,Cordelia,buffy!
2025.4,2026.83,Giles,it's gas.
2028.1,2030.1,Giles,she's snuffed out
2028.1,2030.1,Giles,the pilot light.
2030.17,2032.84,Giles,the gas is up full.
2035.24,2038.14,Giles,i can't find
2035.24,2038.14,Giles,the shutoff valve.
2038.21,2039.43,Xander,is this it?
2039.49,2040.73,,"ok, that's bad."
2040.8,2042.1,,how about the door?
2048.92,2050.15,,no!
2050.22,2054.09,,"one spark, and you'll take"
2050.22,2054.09,,the whole building with us.
2062.12,2062.98,,cordelia!
2063.05,2064.3,,cordelia!
2066.34,2067.54,,"oh, my god."
2069.74,2071.39,,grunts ]
2118.79,2119.86,Cordelia,buffy.
2119.92,2124.02,Cordelia,you're awake?
2122.08,2123.81,Buffy,yeah.
2123.88,2126.41,Cordelia,i can't feel my face.
2126.48,2127.88,Buffy,what do you mean?
2127.95,2128.98,Cordelia,my face.
2129.05,2130.17,Cordelia,my face is numb.
2130.23,2131.33,Cordelia,what is she doing?
2131.4,2133.7,Buffy,i don't know.
2139.36,2140.73,Cordelia,what does that mean?
2140.79,2143.31,Buffy,i don't know.
2149.32,2151.6,Giles,that should give us
2149.32,2151.6,Giles,"a few minutes, but we've..."
2151.67,2154.04,Giles,if we don't get out
2151.67,2154.04,Giles,of this room soon...
2154.11,2156.74,Willow,why is marcie
2154.11,2156.74,Willow,doing this?
2156.81,2158.68,Giles,"the loneliness,"
2156.81,2158.68,Giles,the constant exile.
2158.75,2159.88,Giles,she's...
2159.95,2161.38,Giles,she has gone mad.
2161.45,2163.43,Xander,you think?
2170.17,2171.57,Marcie,i'm disappointed.
2171.64,2175.68,Marcie,i really hoped you guys
2171.64,2175.68,Marcie,had figured it out by now.
2177.48,2179.45,Buffy,"well, why don't"
2177.48,2179.45,Buffy,you explain it?
2179.52,2181.42,Buffy,"come on, marcie, what are"
2179.52,2181.42,Buffy,we supposed to learn?
2181.49,2183.25,Cordelia,yeah. what do you want
2181.49,2183.25,Cordelia,to teach us?
2183.32,2184.28,Cordelia,you don't get it.
2184.28,2185.57,Marcie,you're not the student.
2185.64,2187.02,Marcie,you're the lesson.
2187.09,2189.02,Cordelia,what did you do
2187.09,2189.02,Cordelia,to my face?
2189.09,2190.26,Cordelia,your face.
2190.33,2192.66,Cordelia,that's what this is
2190.33,2192.66,Cordelia,"all about, isn't it?"
2192.73,2194.26,Cordelia,your beautiful face.
2194.33,2195.57,Cordelia,it's what makes you shine...
2195.63,2196.42,Marcie,just a little bit brighter
2196.42,2197.07,Cordelia,than the rest of us.
2197.13,2200.6,Cordelia,"we all want what you have,"
2200.67,2203.67,Marcie,"to be noticed, remembered,"
2203.74,2205.14,Cordelia,to be seen.
2205.21,2207.51,Cordelia,what are you doing?
2207.58,2210.63,Marcie,i'm fulfilling
2207.58,2210.63,Marcie,your fondest wish.
2210.7,2214.7,Marcie,i'm gonna give you a face
2210.7,2214.7,Marcie,no one will ever forget.
2215.7,2217.7,Marcie,coughing ]
2221.54,2225.11,Giles,"one, two, three!"
2225.18,2227.65,Giles,again.
2227.71,2229.53,Buffy,"marcie,"
2227.71,2229.53,Buffy,you can't do this.
2229.6,2232.2,Marcie,what are you
2229.6,2232.2,Marcie,"gonna do, slay me?"
2232.27,2234.7,Buffy,"marcie, you know this is wrong."
2234.77,2236.84,Marcie,you should have
2234.77,2236.84,Marcie,stayed out of my way.
2236.91,2238.43,Buffy,"you know, ii thought you"
2238.43,2240.24,Marcie,"would understand my vision,"
2240.31,2242.11,Marcie,but you're just like them.
2242.18,2244.38,Cordelia,please don't do this.
2246.17,2247.43,Buffy,no...
2249.54,2254.02,Buffy,no!
2252.07,2254.82,Marcie,you should be grateful.
2254.89,2256.16,Marcie,people who pass you
2254.89,2256.16,Marcie,on the street...
2256.23,2258.59,Marcie,are gonna remember you
2256.23,2258.59,Marcie,for the rest of their lives.
2258.66,2260.6,Marcie,children are gonna
2258.66,2260.6,Marcie,dream about you.
2260.66,2263,Marcie,and every one of your friends who
2260.66,2263,Marcie,comes to the coronation tonight
2263.07,2265.99,Marcie,will take the sight
2263.07,2265.99,Marcie,of the may queen...
2266.05,2267.95,Marcie,to their graves.
2268.02,2269.37,Cordelia,wait!
2269.44,2270.52,Marcie,no. we really have
2270.52,2271.47,Xander,to get started.
2271.54,2272.77,Marcie,the local anesthetic
2272.77,2273.96,Xander,will wear off soon.
2274.03,2275.16,Marcie,i don't want you to faint.
2275.23,2277.03,Xander,it's less fun
2275.23,2277.03,Xander,if you're not awake.
2279.07,2280.85,Xander,"you guys are, uh..."
2282.12,2284.09,Xander,you're blacking out on me.
2288.14,2289.68,Marcie,let me see.
2289.74,2291.39,Cordelia,i think we should start
2291.39,2292.65,Marcie,with your smile.
2292.71,2295.65,Marcie,i think it should be wider.
2295.72,2300.7,Cordelia,"marcie, i know you think"
2295.72,2300.7,Cordelia,"i don't understand, but i do."
2300.77,2303.06,Marcie,"yeah, i'll bet"
2300.77,2303.06,Marcie,you know how i feel.
2303.12,2304.96,Marcie,i be you can be
2303.12,2304.96,Marcie,with all your friends
2305.03,2307.89,Marcie,and just feel so alone 'cause
2305.03,2307.89,Marcie,they don't really know you.
2307.96,2310.95,Marcie,you're just a typical
2307.96,2310.95,Marcie,"selfinvolved, spoiled little brat,"
2311.02,2312.82,Marcie,and you think you can charm your
2311.02,2312.82,Marcie,"way out of this, don't you?"
2312.88,2313.85,Marcie,isn't that what you think?
2316.14,2319.74,Marcie,i see right through you.
2319.81,2320.92,Cordelia,hyah!
2324.04,2327.18,Cordelia,"oh, my god! get me"
2324.04,2327.18,Cordelia,"out of here, please."
2327.25,2328.56,Buffy,just hold still.
2328.57,2329.4,Cordelia,[ blow landing ]
2329.47,2330.5,Cordelia,ohh!
2330.57,2331.98,Cordelia,aah!
2334.42,2336.29,Cordelia,"oh, my god!"
2344.76,2346,Angel,come on!
2359.28,2360.35,Xander,what happened?
2360.41,2361.85,Angel,you tell me.
2361.92,2363.35,Willow,"i'm up, mom."
2363.42,2365.68,Xander,hi. what do you want?
2365.75,2367.82,Angel,i brought you the codex.
2367.89,2371.12,Angel,i came in through the basement.
2367.89,2371.12,Angel,i smelled the gas.
2371.19,2372.22,Giles,"yes, well,"
2371.19,2372.22,Giles,"shut it off,"
2372.29,2373.83,Giles,otherwise the whole
2372.29,2373.83,Giles,building will go up.
2373.89,2374.83,Angel,i'll get it.
2374.89,2376.73,Angel,it's not like
2374.89,2376.73,Angel,i need the oxygen.
2376.8,2379.77,Giles,"come on, let's"
2376.8,2379.77,Giles,get out of here.
2388.31,2389.69,Giles,"you know, i really"
2389.69,2391.14,Buffy,felt sorry for you.
2391.21,2392.51,Buffy,you've suffered.
2392.58,2395.33,Buffy,there's one thing i really
2392.58,2395.33,Buffy,didn't factor into all this.
2395.4,2398.45,Buffy,you're a thundering loony.
2398.52,2401.04,Cordelia,"buffy,"
2398.52,2401.04,Cordelia,are you okay?
2401.1,2404.21,Cordelia,"aah! oh, my god!"
2404.27,2405.54,Cordelia,"oh, my god!"
2405.61,2406.84,Cordelia,"aah, buffy!"
2406.91,2408.71,Cordelia,"oh, my god!"
2408.78,2409.63,Cordelia,aah!
2409.7,2411.8,Cordelia,buffy!
2411.87,2413.17,Cordelia,"oh, my god."
2415.85,2419.16,Marcie,"hey, moron, i'm invisible."
2419.22,2421.16,Marcie,how you gonna
2419.22,2421.16,Marcie,fight someone you can't see?
2421.23,2423.43,Cordelia,"oh, my god."
2425.7,2427.2,Buffy,"cordelia, shut up."
2427.26,2428.86,Cordelia,okay.
2451.42,2453.49,Cordelia,aah!
2461.3,2463.57,Buffy,i see you.
2464.85,2466.89,agent,aah!
2466.95,2469.42,agent,"everybody,"
2466.95,2469.42,agent,stay where you are!
2472.98,2475.04,doyle,"f.b.i., nobody move."
2475.11,2478.11,manetti,"ok, we'll take it"
2475.11,2478.11,manetti,"from here now, ma'am."
2478.18,2479.88,Buffy,take what from where?
2479.95,2481.08,doyle,i'm agent doyle. this
2479.95,2481.08,doyle,is agent manetti.
2481.15,2482.55,doyle,we're here
2481.15,2482.55,doyle,for the girl.
2482.62,2484.12,Buffy,"well, where were you"
2482.62,2484.12,Buffy,minutes ago
2484.19,2485.45,Buffy,when she was
2484.19,2485.45,Buffy,playing surgeon?
2485.52,2487.44,doyle,i'm sorry. we came
2485.52,2487.44,doyle,as fast as we could.
2487.51,2490.44,doyle,we'll take it
2487.51,2490.44,doyle,from here on.
2490.51,2491.74,Buffy,you can cure her?
2491.81,2495.08,doyle,we can...
2491.81,2495.08,doyle,rehabilitate her.
2495.15,2496.38,manetti,"in time,"
2496.48,2500.52,manetti,she'll learn to be a useful
2496.48,2500.52,manetti,member of society again.
2500.59,2502.52,doyle,very useful.
2502.59,2505.22,Buffy,this isn't the first time
2502.59,2505.22,Buffy,"this has happened, is it?"
2505.29,2506.19,Buffy,it's happened
2506.19,2507.36,manetti,at other schools.
2507.43,2509.83,manetti,we're not at liberty
2507.43,2509.83,manetti,to discuss that.
2509.9,2512.27,doyle,it would be best for you to
2509.9,2512.27,doyle,forget this whole incident.
2512.33,2515.7,Buffy,do you know that
2512.33,2515.7,Buffy,you guys are very creepy?
2515.77,2517.82,doyle,thank you
2515.77,2517.82,doyle,for your help.
2517.89,2520.42,manetti,"oh, and, uh..."
2520.49,2522.16,manetti,have a nice day.
2527.28,2529.71,Cordelia,can i get untied now?
2535.84,2537.21,Cordelia,thanks.
2539.73,2542.64,Buffy,i just can't believe
2539.73,2542.64,Buffy,how twisted marcie got.
2542.71,2545.08,Buffy,"by the way, how did you guys"
2542.71,2545.08,Buffy,get out of the boiler room?
2545.15,2546.35,Xander,"oh, well, when the gas"
2545.15,2546.35,Xander,was coming down...
2546.42,2548.55,Giles,"janitor,"
2546.42,2548.55,Giles,"um, found us,"
2548.62,2549.68,Giles,shut the valve off.
2549.75,2550.84,Willow,we were really lucky.
2550.9,2551.92,Buffy,i'll say.
2551.99,2553.25,Cordelia,hi.
2555.19,2556.52,Buffy,hey.
2556.59,2559.48,Cordelia,"look, um, i didn't get a chance"
2556.59,2559.48,Cordelia,"to say anything yesterday,"
2559.55,2560.98,Cordelia,with the coronation
2559.55,2560.98,Cordelia,"and everything,"
2561.05,2565.15,Cordelia,"but, um, i guess i just"
2561.05,2565.15,Cordelia,want to say thank you.
2565.22,2566.89,Cordelia,all of you.
2566.95,2570.06,Xander,"that's funny, 'cause she"
2566.95,2570.06,Xander,looks like cordelia.
2570.12,2572.59,Cordelia,you really helped
2570.12,2572.59,Cordelia,"me out yesterday,"
2572.66,2574.13,Cordelia,"and you didn't have to,"
2574.19,2575.66,Cordelia,so thank you.
2575.73,2577.23,Buffy,it's ok.
2577.3,2579.9,Willow,"listen, we were gonna grab lunch"
2577.3,2579.9,Willow,"in a minute, if you wanted to..."
2579.97,2584.52,Mitch,whoa. you're not hanging
2579.97,2584.52,Mitch,"with these losers, are you?"
2584.59,2587.32,Cordelia,are you kidding?
2587.39,2590.03,Cordelia,i was just
2587.39,2590.03,Cordelia,"being charitable,"
2590.09,2592.66,Cordelia,helping them with
2590.09,2592.66,Cordelia,their fashion problems.
2592.73,2596.63,Xander,you think i really felt like
2592.73,2596.63,Xander,joining that social leper colony?
2596.7,2598.1,Xander,puhlease!
2598.17,2599.57,Xander,"boy, where's"
2598.17,2599.57,Xander,an invisible girl
2599.64,2601.47,Xander,when you really
2599.64,2601.47,Xander,need one?
2609.88,2611.95,doyle,we think you'll
2609.88,2611.95,doyle,be happy here.
2612.02,2614.05,manetti,you should fit
2612.02,2614.05,manetti,right in.
2618.07,2620.02,teacher,"welcome, marcie."
2620.09,2622.59,teacher,"class, this is marcie."
2622.66,2624.19,Giles,please sit down.
2628.66,2630.5,Professor,"ok, class,"
2628.66,2630.5,Professor,let's get started.
2630.57,2633.84,Professor,everybody turn
2630.57,2633.84,Professor,to page 54 of your texts.